Country,Percent,Count
Singapore,90.191898,423
Senegal,53.731343,36
South Africa,28.653295,100
Australia,15.445545,78
Switzerland,14.137931,41
Mali,13.333333,2
Japan,12.915851,66
Finland,12.857143,9
Qatar,12.500000,1
Hong Kong,12.195122,5
