Country,Count,Percent
United States,615,11.893251
Singapore,423,90.191898
Germany,167,4.933530
France,132,9.250175
Indonesia,122,10.499139
Italy,108,4.100228
United Kingdom,101,9.702209
South Africa,100,28.653295
Canada,87,9.071950
Spain,87,5.675147
