Country,Pop. Percent,Downloads
Austria,0.011205,920
Singapore,0.010070,469
Cape Verde,0.009779,42
Montenegro,0.008629,58
Portugal,0.006967,746
Uruguay,0.005380,188
Fiji,0.005187,49
Bolivia,0.005166,505
Greece,0.005132,551
Italy,0.004532,2634
